Datetime,Water Level (m)
2025-12-24 00:00:00,-1.65362
2025-12-24 01:00:00,-1.9441996
2025-12-24 02:00:00,-1.5522184
2025-12-24 03:00:00,-0.7985927
2025-12-24 04:00:00,0.065764755
2025-12-24 05:00:00,0.7115921
2025-12-24 06:00:00,1.0518657
2025-12-24 07:00:00,1.0609713
2025-12-24 08:00:00,0.6878135
2025-12-24 09:00:00,0.07908514
2025-12-24 10:00:00,-0.58714384
2025-12-24 11:00:00,-1.1703651
2025-12-24 12:00:00,-1.5890867
2025-12-24 13:00:00,-1.717017
2025-12-24 14:00:00,-1.3544052
2025-12-24 15:00:00,-0.6624656
2025-12-24 16:00:00,0.12272941
2025-12-24 17:00:00,0.83491915
2025-12-24 18:00:00,1.3387381
2025-12-24 19:00:00,1.5080842
2025-12-24 20:00:00,1.2459888
2025-12-24 21:00:00,0.63765246
2025-12-24 22:00:00,-0.12220018
2025-12-24 23:00:00,-0.84402966
2025-12-25 00:00:00,-1.4283981
2025-12-25 01:00:00,-1.7877669
2025-12-25 02:00:00,-1.7746814
2025-12-25 03:00:00,-1.2585675
2025-12-25 04:00:00,-0.50717354
2025-12-25 05:00:00,0.21528697
2025-12-25 06:00:00,0.7571754
2025-12-25 07:00:00,1.0141637
2025-12-25 08:00:00,0.9170657
2025-12-25 09:00:00,0.49939057
2025-12-25 10:00:00,-0.104812935
2025-12-25 11:00:00,-0.7107191
2025-12-25 12:00:00,-1.2228538
2025-12-25 13:00:00,-1.5611284
2025-12-25 14:00:00,-1.5922847
2025-12-25 15:00:00,-1.1653782
2025-12-25 16:00:00,-0.45990738
2025-12-25 17:00:00,0.30392835
2025-12-25 18:00:00,0.9682727
2025-12-25 19:00:00,1.3787138
2025-12-25 20:00:00,1.396714
2025-12-25 21:00:00,0.99347514
2025-12-25 22:00:00,0.31229535
2025-12-25 23:00:00,-0.42586762
2025-12-26 00:00:00,-1.07442
2025-12-26 01:00:00,-1.5568408
2025-12-26 02:00:00,-1.7664837
2025-12-26 03:00:00,-1.5552689
2025-12-26 04:00:00,-0.9786937
2025-12-26 05:00:00,-0.2836145
2025-12-26 06:00:00,0.3330092
2025-12-26 07:00:00,0.7910097
2025-12-26 08:00:00,1.0023758
2025-12-26 09:00:00,0.8678305
2025-12-26 10:00:00,0.42923683
2025-12-26 11:00:00,-0.16428529
2025-12-26 12:00:00,-0.7428462
2025-12-26 13:00:00,-1.2184726
2025-12-26 14:00:00,-1.4914654
2025-12-26 15:00:00,-1.4166511
2025-12-26 16:00:00,-0.9161277
2025-12-26 17:00:00,-0.22619733
2025-12-26 18:00:00,0.43537623
2025-12-26 19:00:00,0.9736757
2025-12-26 20:00:00,1.2659394
2025-12-26 21:00:00,1.1875339
2025-12-26 22:00:00,0.74164295
2025-12-26 23:00:00,0.08110496
2025-12-27 00:00:00,-0.59119934
2025-12-27 01:00:00,-1.176056
2025-12-27 02:00:00,-1.5828297
2025-12-27 03:00:00,-1.7196292
2025-12-27 04:00:00,-1.4350427
2025-12-27 05:00:00,-0.8376405
2025-12-27 06:00:00,-0.17288922
2025-12-27 07:00:00,0.40605998
2025-12-27 08:00:00,0.8175172
2025-12-27 09:00:00,0.9751603
2025-12-27 10:00:00,0.809804
2025-12-27 11:00:00,0.38824683
2025-12-27 12:00:00,-0.15828805
2025-12-27 13:00:00,-0.6937655
2025-12-27 14:00:00,-1.1370382
2025-12-27 15:00:00,-1.3836513
2025-12-27 16:00:00,-1.3073987
2025-12-27 17:00:00,-0.83821243
2025-12-27 18:00:00,-0.18936168
2025-12-27 19:00:00,0.43194583
2025-12-27 20:00:00,0.9193161
2025-12-27 21:00:00,1.1437441
2025-12-27 22:00:00,0.99013335
2025-12-27 23:00:00,0.51637506
2025-12-28 00:00:00,-0.11704623
2025-12-28 01:00:00,-0.7281389
2025-12-28 02:00:00,-1.2327582
2025-12-28 03:00:00,-1.5611252
2025-12-28 04:00:00,-1.6256219
2025-12-28 05:00:00,-1.3327913
2025-12-28 06:00:00,-0.80328816
2025-12-28 07:00:00,-0.21898176
2025-12-28 08:00:00,0.336721
2025-12-28 09:00:00,0.77988684
2025-12-28 10:00:00,0.99568856
2025-12-28 11:00:00,0.90072066
2025-12-28 12:00:00,0.52181685
2025-12-28 13:00:00,-0.026014227
2025-12-28 14:00:00,-0.5849328
2025-12-28 15:00:00,-1.0519174
2025-12-28 16:00:00,-1.3191218
2025-12-28 17:00:00,-1.2639184
2025-12-28 18:00:00,-0.8245146
2025-12-28 19:00:00,-0.2237678
2025-12-28 20:00:00,0.33582795
2025-12-28 21:00:00,0.77291256
2025-12-28 22:00:00,0.9651058
2025-12-28 23:00:00,0.82574594
2025-12-29 00:00:00,0.4143028
2025-12-29 01:00:00,-0.14566569
2025-12-29 02:00:00,-0.7046806
2025-12-29 03:00:00,-1.1838712
2025-12-29 04:00:00,-1.5116487
2025-12-29 05:00:00,-1.6188763
2025-12-29 06:00:00,-1.4062843
2025-12-29 07:00:00,-0.91071486
2025-12-29 08:00:00,-0.3030799
2025-12-29 09:00:00,0.30316976
2025-12-29 10:00:00,0.8204985
2025-12-29 11:00:00,1.106012
2025-12-29 12:00:00,1.0565584
2025-12-29 13:00:00,0.69085187
2025-12-29 14:00:00,0.13313325
2025-12-29 15:00:00,-0.4454538
2025-12-29 16:00:00,-0.94118255
2025-12-29 17:00:00,-1.2590039
2025-12-29 18:00:00,-1.2869884
2025-12-29 19:00:00,-0.9656936
2025-12-29 20:00:00,-0.42851228
2025-12-29 21:00:00,0.12314911
2025-12-29 22:00:00,0.5841904
2025-12-29 23:00:00,0.8460846
2025-12-30 00:00:00,0.81779283
