Datetime,Water Level (m)
2025-12-24 00:00:00,-0.034316856
2025-12-24 01:00:00,-0.23170994
2025-12-24 02:00:00,-0.41495055
2025-12-24 03:00:00,-0.5711773
2025-12-24 04:00:00,-0.6698509
2025-12-24 05:00:00,-0.5534925
2025-12-24 06:00:00,-0.21800824
2025-12-24 07:00:00,0.063360535
2025-12-24 08:00:00,0.25905466
2025-12-24 09:00:00,0.33321244
2025-12-24 10:00:00,0.22572578
2025-12-24 11:00:00,-0.0015960163
2025-12-24 12:00:00,-0.19511811
2025-12-24 13:00:00,-0.3764756
2025-12-24 14:00:00,-0.5352991
2025-12-24 15:00:00,-0.66978276
2025-12-24 16:00:00,-0.73713094
2025-12-24 17:00:00,-0.4867895
2025-12-24 18:00:00,-0.15287529
2025-12-24 19:00:00,0.17276074
2025-12-24 20:00:00,0.42987898
2025-12-24 21:00:00,0.5658009
2025-12-24 22:00:00,0.51774794
2025-12-24 23:00:00,0.2596495
2025-12-25 00:00:00,0.025196804
2025-12-25 01:00:00,-0.17427598
2025-12-25 02:00:00,-0.3668892
2025-12-25 03:00:00,-0.5318203
2025-12-25 04:00:00,-0.6671074
2025-12-25 05:00:00,-0.7141923
2025-12-25 06:00:00,-0.44298965
2025-12-25 07:00:00,-0.1551974
2025-12-25 08:00:00,0.08286721
2025-12-25 09:00:00,0.23816113
2025-12-25 10:00:00,0.27405858
2025-12-25 11:00:00,0.14248295
2025-12-25 12:00:00,-0.069650054
2025-12-25 13:00:00,-0.25299534
2025-12-25 14:00:00,-0.42481616
2025-12-25 15:00:00,-0.57667744
2025-12-25 16:00:00,-0.70007867
2025-12-25 17:00:00,-0.7211162
2025-12-25 18:00:00,-0.385298
2025-12-25 19:00:00,-0.06553647
2025-12-25 20:00:00,0.23169264
2025-12-25 21:00:00,0.44109178
2025-12-25 22:00:00,0.5073541
2025-12-25 23:00:00,0.3758042
2025-12-26 00:00:00,0.12056717
2025-12-26 01:00:00,-0.08659836
2025-12-26 02:00:00,-0.2750115
2025-12-26 03:00:00,-0.44823968
2025-12-26 04:00:00,-0.6013052
2025-12-26 05:00:00,-0.71345633
2025-12-26 06:00:00,-0.7003708
2025-12-26 07:00:00,-0.38809648
2025-12-26 08:00:00,-0.11288533
2025-12-26 09:00:00,0.11871465
2025-12-26 10:00:00,0.2671818
2025-12-26 11:00:00,0.27936456
2025-12-26 12:00:00,0.12521861
2025-12-26 13:00:00,-0.08239637
2025-12-26 14:00:00,-0.26166892
2025-12-26 15:00:00,-0.42563742
2025-12-26 16:00:00,-0.5649331
2025-12-26 17:00:00,-0.66358274
2025-12-26 18:00:00,-0.57619435
2025-12-26 19:00:00,-0.26331925
2025-12-26 20:00:00,0.025539793
2025-12-26 21:00:00,0.27578807
2025-12-26 22:00:00,0.44220033
2025-12-26 23:00:00,0.46168703
2025-12-27 00:00:00,0.28378066
2025-12-27 01:00:00,0.049323663
2025-12-27 02:00:00,-0.14739203
2025-12-27 03:00:00,-0.32777128
2025-12-27 04:00:00,-0.49472338
2025-12-27 05:00:00,-0.6391678
2025-12-27 06:00:00,-0.7316348
2025-12-27 07:00:00,-0.6304846
2025-12-27 08:00:00,-0.3251303
2025-12-27 09:00:00,-0.070535555
2025-12-27 10:00:00,0.1432362
2025-12-27 11:00:00,0.278231
2025-12-27 12:00:00,0.29707944
2025-12-27 13:00:00,0.16166407
2025-12-27 14:00:00,-0.046298213
2025-12-27 15:00:00,-0.22435537
2025-12-27 16:00:00,-0.38774815
2025-12-27 17:00:00,-0.52553916
2025-12-27 18:00:00,-0.6185259
2025-12-27 19:00:00,-0.5182717
2025-12-27 20:00:00,-0.222652
2025-12-27 21:00:00,0.042198792
2025-12-27 22:00:00,0.25587198
2025-12-27 23:00:00,0.3722115
2025-12-28 00:00:00,0.3476224
2025-12-28 01:00:00,0.16135989
2025-12-28 02:00:00,-0.044578154
2025-12-28 03:00:00,-0.22475395
2025-12-28 04:00:00,-0.39521304
2025-12-28 05:00:00,-0.54883045
2025-12-28 06:00:00,-0.67757267
2025-12-28 07:00:00,-0.7657655
2025-12-28 08:00:00,-0.6683885
2025-12-28 09:00:00,-0.36585706
2025-12-28 10:00:00,-0.09917855
2025-12-28 11:00:00,0.13070124
2025-12-28 12:00:00,0.28700972
2025-12-28 13:00:00,0.32854924
2025-12-28 14:00:00,0.20624287
2025-12-28 15:00:00,-0.0075134756
2025-12-28 16:00:00,-0.18885632
2025-12-28 17:00:00,-0.35351172
2025-12-28 18:00:00,-0.48657215
2025-12-28 19:00:00,-0.5780002
2025-12-28 20:00:00,-0.5228607
2025-12-28 21:00:00,-0.26395658
2025-12-28 22:00:00,-0.016658377
2025-12-28 23:00:00,0.17916659
2025-12-29 00:00:00,0.28650653
2025-12-29 01:00:00,0.27431506
2025-12-29 02:00:00,0.1210486
2025-12-29 03:00:00,-0.074341446
2025-12-29 04:00:00,-0.25316596
2025-12-29 05:00:00,-0.42106074
2025-12-29 06:00:00,-0.5726769
2025-12-29 07:00:00,-0.70472807
2025-12-29 08:00:00,-0.7979504
2025-12-29 09:00:00,-0.70720416
2025-12-29 10:00:00,-0.39474827
2025-12-29 11:00:00,-0.11306315
2025-12-29 12:00:00,0.14142084
2025-12-29 13:00:00,0.3202813
2025-12-29 14:00:00,0.38208133
2025-12-29 15:00:00,0.2886649
2025-12-29 16:00:00,0.074119344
2025-12-29 17:00:00,-0.11614054
2025-12-29 18:00:00,-0.28200454
2025-12-29 19:00:00,-0.4309954
2025-12-29 20:00:00,-0.5474945
2025-12-29 21:00:00,-0.58647525
2025-12-29 22:00:00,-0.3898725
2025-12-29 23:00:00,-0.13054597
2025-12-30 00:00:00,0.078977555
